[
  {
    "term": "Paulo",
    "description": "Henrique"
  },
  {
    "term": "Antonio",
    "description": "Pereira(o melhor de todos)"
  },
  {
    "term": "Franciel",
    "description": "Roseno"
  },
  {
    "term": "Carol",
    "description": "Morais"
  },
  {
    "term": "Herika",
    "description": "Larisse"
  },
  {
    "term": "Wendy",
    "description": "Gomes"
  },
  {
    "term": "Raí",
    "description": "Kabral"
  },
  {
    "term": "Lauriane",
    "description": "Adriely"
  },
  {
    "term": "Renata ",
    "description": "Marques"
  },

  {
    "term": "Erlane",
    "description": "Alves"
  }
]