[
  {
    "term": "ARMY",
    "description": "O nome dos fãs do BTS."
  },
  {
    "term": "Bangtan",
    "description": "Abreviação de Bangtan Sonyeondan, que significa 'À prova de balas'."
  },
  {
    "term": "Bias",
    "description": "O membro favorito de um fã."
  },
  {
    "term": "Comeback",
    "description": "Quando um grupo lança novas músicas ou álbuns após um período."
  },
  {
    "term": "Daesang",
    "description": "O grande prêmio em música na Coreia do Sul."
  },
  {
    "term": "Selca",
    "description": "Uma selfie tirada pelo próprio artista."
  },
  {
    "term": "Visual",
    "description": "O membro considerado mais bonito do grupo."
  },
  {
    "term": "Maknae",
    "description": "O membro mais jovem do grupo."
  },
  {
    "term": "Saranghae",
    "description": "Significa 'Eu te amo' em coreano."
  }
]